artistName,sPlayed,count,genres
-M-,46,1,[]
1900,300,1,[]
1995,80,1,"['french hip hop', 'french pop', 'rap inde']"
3TEETH,271,1,"['industrial metal', 'industrial rock']"
9mm Parabellum Bullet,94,1,"['j-metal', 'j-pop', 'j-poprock', 'j-rock', 'japanese alternative rock', 'japanese post-hardcore', 'visual kei']"
A Perfect Circle,789,3,"['alternative metal', 'alternative rock', 'nu metal', 'rap rock', 'rock', 'supergroup']"
A.O.,3,1,[]
ABBA,0,1,"['europop', 'swedish pop']"
AC/DC,333,1,"['australian rock', 'hard rock', 'rock']"
ACN Music.,216,1,[]
AFI,206,1,"['emo', 'pop punk', 'punk', 'screamo', 'skate punk']"
ATK,1,2,"['french hip hop', 'old school rap francais', 'rap inde']"
Aaron Copland,6057,29,"['american modern classical', 'classical', 'early modern classical']"
Abd Al Malik,572,4,['french hip hop']
Accept,299,1,"['album rock', 'german heavy metal', 'german metal', 'glam metal', 'hard rock', 'metal', 'power metal', 'rock', 'speed metal', 'thrash metal']"
Acherontic Dawn,230,1,['epicore']
Adam Skorupa,4895,17,"['scorecore', 'video game music']"
Adelitas Way,190,1,"['alternative metal', 'christian rock', 'gymcore', 'nu metal', 'post-grunge', 'post-screamo', 'rap rock']"
Adrenaline Mob,1083,5,"['modern hard rock', 'nyc metal', 'progressive metal']"
Adrian Von Ziegler,334,1,"['dungeon synth', 'medieval folk']"
Adriatique,926,2,"['deep disco house', 'melodic techno', 'organic house', 'swiss house', 'tech house']"
After Forever,276,1,"['dutch metal', 'gothic metal', 'gothic symphonic metal', 'opera metal', 'symphonic metal']"
Agents Of Time,9168,29,['italian techno']
Airbourne,607,4,"['glam metal', 'hard rock', 'metal', 'rock', 'wrestling']"
Akatsuki no Team,22,1,[]
Akhenaton,46938,225,"['french hip hop', 'french reggae', 'old school rap francais', 'rap conscient', 'rap inde', 'rap marseille']"
Akihiro Manabe,7,1,['anime score']
Alain Bashung,344,8,"['chanson', 'french indie pop', 'french pop', 'french rock', 'nouvelle chanson francaise']"
Alan Silvestri,72,1,['soundtrack']
Albert King,3584,21,"['blues', 'blues rock', 'classic rock', 'electric blues', 'memphis soul', 'soul blues', 'traditional blues']"
Alcest,830,2,"['atmospheric black metal', 'blackgaze', 'french black metal', 'french metal', 'french shoegaze', 'post-black metal', 'post-metal', 'shoegaze']"
Aldous Harding,448,2,"['ambient folk', 'art pop', 'chamber pop', 'chamber psych', 'dunedin indie', 'freak folk', 'indie folk', 'nz folk', 'nz pop', 'nz singer-songwriter']"
Alec Holowka,288,2,['indie game soundtrack']
Alestorm,23,1,"['british power metal', 'comic', 'comic metal', 'metal', 'pirate', 'power metal', 'scottish metal']"
Alexandre Astier,127,1,[]
Alice In Chains,259,1,"['alternative metal', 'alternative rock', 'grunge', 'hard rock', 'nu metal', 'rock']"
Alice Phoebe Lou,235,1,['south african alternative']
Alien Ant Farm,221,2,"['alternative metal', 'funk metal', 'nu metal', 'post-grunge', 'rap rock']"
Alistair McCulloch,202,1,['scottish fiddle']
Alpha Wann,365,3,"['french hip hop', 'pop urbaine', 'rap francais']"
Alt236,71775,353,[]
Alter Bridge,4934,20,"['alternative metal', 'nu metal', 'post-grunge', 'rock']"
Amy Winehouse,278,4,"['british soul', 'neo soul']"
Anathema,489,2,"['gothic metal', 'progressive doom', 'progressive metal']"
Andrew Bird,413,2,"['baroque pop', 'chamber pop', 'chicago indie', 'freak folk', 'indie folk', 'indie pop', 'indie rock', 'melancholia', 'stomp and holler']"
Andrew Jannakos,169,1,['contemporary country']
Andrew Prahlow,13528,83,"['epicore', 'video game music']"
Andy Williams,192,1,"['adult standards', 'brill building pop', 'easy listening', 'lounge', 'mellow gold', 'vocal jazz']"
Ane Brun,140,2,"['melancholia', 'norwegian singer-songwriter']"
Anna German,2141,15,"['classic russian pop', 'russian folk']"
Anna Moor,96,1,[]
Anne Sylvestre,60,5,['chanson']
Annwn,243,1,"['medieval folk', 'medieval rock', 'neoclassical darkwave', 'rune folk']"
Anthrax,261,2,"['album rock', 'alternative metal', 'hard rock', 'metal', 'nu metal', 'old school thrash', 'rap metal', 'rock', 'speed metal', 'thrash metal']"
Antonio Vivaldi,125,1,"['baroque', 'classical', 'early music', 'italian baroque']"
Anúna,229,1,['celtic']
Aperture Science Psychoacoustic Laboratories,475,3,['video game music']
Aphex Twin,177,2,"['ambient', 'braindance', 'electronica', 'intelligent dance music', 'uk experimental electronic']"
Apocalyptica,1750,9,"['alternative metal', 'bow pop', 'cello', 'finnish metal', 'symphonic metal']"
April Verch,14,1,['old-time fiddle']
Aram Khachaturian,629,3,"['caucasian classical', 'classical', 'early modern classical', 'russian modern classical']"
Architects,62,1,"['mathcore', 'melodic metalcore', 'metalcore', 'progressive metalcore', 'uk metalcore']"
Arctic Monkeys,13415,70,"['garage rock', 'permanent wave', 'rock', 'sheffield indie']"
Arnaud Roy,200,1,['video game music']
Arno,495,4,"['belgian blues', 'belgian rock', 'classic belgian pop']"
Art Hirahara,500,2,[]
Artesia,253,1,"['ethereal wave', 'medieval folk', 'neoclassical darkwave', 'rune folk']"
Arthur H,1,1,"['chanson', 'french indie pop', 'french pop', 'french rock', 'nouvelle chanson francaise']"
Asi Kaplan Jazz Band,1750,5,['background jazz']
Astoria Three,384,2,['background jazz']
Audioslave,570,2,"['alternative metal', 'alternative rock', 'nu metal', 'permanent wave', 'post-grunge', 'rock', 'supergroup']"
August D. Valentine,1120,8,"['calming instrumental', 'chill guitar']"
Austin Wintory,10801,65,"['indie game soundtrack', 'japanese vgm', 'scorecore', 'soundtrack', 'video game music']"
Avatar,23590,94,"['alternative metal', 'gothenburg metal', 'melodic death metal', 'nu metal', 'swedish melodeath']"
Avenged Sevenfold,1447,5,"['alternative metal', 'nu metal']"
Axel Rudi Pell,303,1,"['german metal', 'german power metal', 'hard rock', 'metal', 'power metal']"
Ayreon,1630,7,"['celtic metal', 'dutch metal', 'metal', 'neo classical metal', 'power metal', 'prog metal', 'progressive metal', 'sci-fi metal', 'symphonic metal']"
B.B. King,30590,114,"['blues', 'blues rock', 'classic rock', 'electric blues', 'jazz blues', 'soul blues', 'traditional blues']"
BRKN LOVE,122,1,[]
Back Room Jazz Trio,396,1,[]
Bad Religion,197,1,"['punk', 'skate punk', 'socal pop punk']"
Bakermat,944,6,"['deep euro house', 'deep tropical house', 'minimal tech house', 'new french touch', 'pop dance', 'tropical house']"
Baroness,897,4,"['alternative metal', 'post-doom metal', 'progressive sludge', 'sludge metal']"
Bathory,334,1,"['autonomous black metal', 'black metal', 'black thrash', 'metal', 'old school thrash', 'pagan black metal', 'swedish black metal', 'swedish metal', 'viking black metal', 'viking metal']"
Bear McCreary,246,1,"['scorecore', 'soundtrack', 'video game music']"
Beck,202,1,"['alternative rock', 'anti-folk', 'indie rock', 'modern rock', 'permanent wave', 'rock']"
Behemoth,301,1,"['black metal', 'death metal', 'metal', 'pagan black metal', 'polish black metal', 'polish death metal', 'polish metal']"
Bell Orchestre,274,1,"['bow pop', 'canadian post-rock', 'chamber psych']"
Belzebubs,603,2,['melodic black metal']
Ben Prunty,21432,114,"['indie game soundtrack', 'video game music']"
Benjamin Rhey,2900,14,[]
Berlinist,9726,66,['video game music']
Bert Kaempfert,17,1,"['adult standards', 'ballroom', 'easy listening', 'lounge']"
Bill Brown,1080,10,['video game music']
Bill Conti,3,1,"['classic soundtrack', 'theme']"
Billie Holiday,338,2,"['adult standards', 'harlem renaissance', 'jazz', 'jazz blues', 'lounge', 'soul', 'torch song', 'vocal jazz']"
Billy Talent,242,1,"['alternative metal', 'canadian punk', 'nu metal', 'pop punk', 'punk']"
Black Label Society,780,4,"['alternative metal', 'groove metal', 'hard rock', 'metal', 'nu metal', 'rock']"
Black Sabbath,2689,13,"['album rock', 'birmingham metal', 'classic rock', 'hard rock', 'metal', 'rock', 'stoner rock', 'uk doom metal']"
Blackmore's Night,371,1,"['bardcore', 'medieval folk', 'neoclassical darkwave']"
Bladverk Band,888,5,"['background jazz', 'dinner jazz']"
Blind Guardian,14724,84,"['german metal', 'german power metal', 'hard rock', 'melodic metal', 'metal', 'neo classical metal', 'power metal', 'speed metal', 'symphonic metal']"
Bloodhound Gang,219,1,"['alternative metal', 'comic', 'funk metal', 'funk rock', 'nu metal', 'punk', 'rap rock']"
Blue Moon Jazz Quartet,602,2,[]
Blue Öyster Cult,593,2,"['album rock', 'art rock', 'classic rock', 'hard rock', 'metal', 'rock', 'soft rock']"
Bob & Earl,4,1,['motown']
Bobby Darin,172,1,"['adult standards', 'brill building pop', 'easy listening', 'lounge', 'rock-and-roll', 'rockabilly', 'soul', 'swing', 'vocal jazz']"
Bobby Vinton,167,1,"['adult standards', 'brill building pop', 'bubblegum pop', 'easy listening', 'lounge', 'rock-and-roll']"
Bonnie Grace,3904,27,[]
Boris Dlugosch,406,1,"['german house', 'hamburg electronic']"
Boris Vian,207,1,[]
Borislav Slavov,206160,1193,"['epicore', 'scorecore', 'video game music']"
Brad Derrick,8889,31,"['scorecore', 'video game music']"
Bram Stoker,6,1,['reading']
Braxton Burks,351,2,"['otacore', 'pokemon', 'scorecore']"
Breaking Benjamin,634,5,"['alternative metal', 'nu metal', 'post-grunge']"
Breed 77,330,1,"['alternative metal', 'nu metal', 'rock of gibraltar']"
Brendan Maynard + 2,321,2,[]
Brendon Small,21,1,['shred']
Brian Tyler,1,1,"['epicore', 'scorecore', 'soundtrack', 'video game music']"
Broceliande,337,1,['middle earth']
Bror Gunnar Jansson,465,2,"['modern blues rock', 'one-person band', 'swedish americana', 'swedish blues']"
Brothers of Metal,6,1,"['melodic metal', 'power metal', 'swedish heavy metal']"
Bruce Dickinson,1749,7,"['album rock', 'hard rock', 'metal', 'power metal', 'rock']"
Bruce Springsteen,409,1,"['classic rock', 'heartland rock', 'mellow gold', 'permanent wave', 'rock', 'singer-songwriter']"
Brut.,7,1,[]
Bullet For My Valentine,291,1,"['alternative metal', 'melodic metalcore', 'metalcore', 'nu metal', 'pop punk', 'uk metalcore', 'welsh metal']"
Bérurier Noir,2,1,"['french oi', 'french punk', 'french reggae', 'french rock']"
C418,4878,27,"['dream smp', 'minecraft']"
CMC 3,745,4,"['background jazz', 'dinner jazz']"
Camille Saint-Saëns,202,1,"['classical', 'french romanticism', 'late romantic era']"
Captain Isekai,128,1,['anime lo-fi']
Carly Pearce,328,2,"['contemporary country', 'country pop']"
Carpenter Brut,597,3,"['cyberpunk', 'darksynth', 'synthwave']"
Casseurs Flowters,231,1,"['french hip hop', 'rap conscient']"
Cattle Decapitation,268,1,"['american grindcore', 'brutal death metal', 'death metal', 'deathgrind', 'goregrind', 'grindcore', 'technical death metal', 'technical grindcore']"
Celldweller,302,1,"['alternative metal', 'future rock', 'industrial metal', 'industrial rock', 'nu metal', 'rap rock']"
Chance Thomas,207,1,"['middle earth', 'video game music']"
Charlotte Cardin,13,1,"['canadian pop', 'indie quebecois']"
Chase Rice,214,2,"['contemporary country', 'country', 'country road', 'modern country rock']"
Chet Baker,332,2,"['adult standards', 'cool jazz', 'jazz', 'jazz trumpet', 'lounge', 'vocal jazz']"
Chevelle,218,1,"['alternative metal', 'alternative rock', 'christian rock', 'modern rock', 'nu metal', 'post-grunge', 'rap rock', 'rock']"
Chiens de Paille,519,3,"['french hip hop', 'old school rap francais', 'rap inde', 'rap marseille']"
Chipzel,2758,15,"['chiptune', 'speedrun']"
Chris Christodoulou,13689,50,"['indie game soundtrack', 'video game music']"
Chris Remo,214,1,"['indie game soundtrack', 'video game music']"
Chris Stapleton,238,3,"['contemporary country', 'outlaw country']"
Christian Reindl,1383,7,['epicore']
Christoffer Moe Ditlevsen,2910,14,[]
Christophe,349,2,"['chanson', 'french pop', 'french rock', 'vintage french electronic']"
Christopher Larkin,135348,894,"['indie game soundtrack', 'oceania soundtrack', 'video game music']"
Christopher Lee,15351,69,"['comic metal', 'middle earth']"
Christopher Tin,1162,6,['video game music']
Cinematic Lullabies,40,1,[]
City of the Fallen,114,1,['epicore']
Clamavi De Profundis,54967,176,"['middle earth', 'shanty']"
Claude Debussy,1281,5,"['classical', 'impressionism', 'post-romantic era']"
Colette Magny,1,1,[]
Comptines TV,72,1,"['comptine', 'musique pour enfants']"
ConcernedApe,9047,59,"['indie game soundtrack', 'video game music']"
Corey Taylor,290,1,"['alternative metal', 'alternative rock', 'nu metal']"
Corpo-Mente,494,2,['avant-rock']
Corvus Corax,271,1,"['folk metal', 'hurdy-gurdy', 'medieval folk', 'medieval rock', 'rune folk']"
Cotton Jones,192,1,"['baroque pop', 'freak folk', 'indie folk', 'indie rock', 'stomp and holler']"
Cream,1541,9,"['album rock', 'art rock', 'blues rock', 'classic rock', 'folk rock', 'hard rock', 'psychedelic rock', 'rock', 'roots rock', 'supergroup']"
"Crosby, Stills & Nash",157,1,"['album rock', 'art rock', 'blues rock', 'classic rock', 'country rock', 'folk', 'folk rock', 'heartland rock', 'mellow gold', 'psychedelic rock', 'rock', 'roots rock', 'soft rock']"
"Crosby, Stills, Nash & Young",625,3,"['album rock', 'art rock', 'blues rock', 'classic rock', 'country rock', 'folk', 'folk rock', 'mellow gold', 'psychedelic rock', 'rock', 'roots rock', 'soft rock', 'supergroup']"
Cruachan,279,1,"['celtic metal', 'celtic rock', 'folk black metal', 'folk metal', 'irish black metal', 'irish metal', 'viking metal']"
Cult Of Luna,1713,4,"['atmospheric sludge', 'drone metal', 'post-doom metal', 'post-metal', 'post-rock', 'progressive sludge', 'slayer', 'sludge metal', 'swedish doom metal', 'swedish progressive metal']"
Curtis Schweitzer,3117,13,"['indie game soundtrack', 'video game music']"
Cymande,906,2,"['afrobeat', 'afropop', 'funk', 'jazz funk', 'psychedelic soul', 'soul', 'world']"
Céline Dion,2986,13,"['canadian pop', 'dance pop']"
DM DOKURO,1041,3,[]
Dan Auerbach,226,1,"['funk', 'garage rock', 'indie folk', 'modern blues rock', 'modern rock', 'rock', 'stomp and holler']"
Danger,515,3,"['dark clubbing', 'darksynth', 'electro house', 'filter house']"
Daniel Deluxe,190,1,"['dark clubbing', 'darksynth', 'synthwave']"
Daniel Koestner,372,2,['indie game soundtrack']
Daniel Norgren,25337,77,"['swedish americana', 'swedish singer-songwriter']"
Daniel Olsén,2025,13,['indie game soundtrack']
Danny Baranowsky,2320,15,"['indie game soundtrack', 'video game music']"
Danzig,408,2,"['alternative metal', 'hard rock', 'metal', 'rock']"
Dark Moor,219,1,"['melodic metal', 'neo classical metal', 'power metal', 'spanish metal', 'symphonic metal', 'symphonic power metal']"
Dark Tranquillity,1641,6,"['death metal', 'gothenburg metal', 'melodic death metal', 'metal', 'swedish death metal', 'swedish melodeath', 'swedish metal']"
Daron Malakian and Scars On Broadway,1761,11,"['alternative metal', 'nu metal']"
Darren Korb,23973,99,"['indie game soundtrack', 'japanese vgm', 'video game music']"
Dave Holland,395,1,"['avant-garde jazz', 'british jazz', 'contemporary jazz', 'contemporary post-bop', 'ecm-style jazz', 'free jazz', 'japanese jazz', 'jazz', 'jazz double bass', 'jazz fusion', 'library music', 'uk contemporary jazz']"
David Arkenstone,653,3,"['new age', 'video game music']"
David Bowie,597,2,"['art rock', 'classic rock', 'glam rock', 'permanent wave', 'rock']"
David Fenn,9317,58,"['indie game soundtrack', 'video game music']"
David Gilmour,452,2,"['album rock', 'art rock', 'classic rock', 'progressive rock', 'rock', 'symphonic rock']"
Dean Martin,1415,9,"['adult standards', 'easy listening', 'lounge', 'vocal jazz']"
Death,2196,11,"['alternative metal', 'death metal', 'dissonant death metal', 'florida death metal', 'hard rock', 'metal', 'rock', 'technical death metal']"
Death Angel,214,1,"['death metal', 'hard rock', 'metal', 'old school thrash', 'thrash metal']"
Deen Burbigo,163,1,"['french hip hop', 'pop urbaine', 'rap calme', 'rap francais', 'rap inde']"
Deep Purple,3593,18,"['album rock', 'blues rock', 'classic rock', 'hard rock', 'metal', 'rock']"
Deftones,5,1,"['alternative metal', 'nu metal', 'rap metal', 'rock', 'sacramento indie']"
Demon Hunter,244,1,"['alternative metal', 'christian alternative rock', 'christian metal', 'christian metalcore', 'christian rock', 'melodic metalcore', 'nu metal']"
Demons & Wizards,356,1,"['german metal', 'german power metal', 'melodic metal', 'metal', 'neo classical metal', 'power metal', 'progressive metal', 'symphonic metal']"
Derek & The Dominos,846,2,"['album rock', 'art rock', 'blues', 'blues rock', 'british blues', 'classic rock', 'country rock', 'electric blues', 'folk rock', 'hard rock', 'mellow gold', 'psychedelic rock', 'rock', 'roots rock', 'soft rock']"
Derek Duke,1687,9,['video game music']
Devin Townsend,797,3,"['alternative metal', 'canadian metal', 'progressive metal', 'vancouver metal']"
Devin Townsend Project,1239,4,"['avant-garde metal', 'canadian metal', 'djent', 'progressive metal', 'vancouver metal']"
Diablo Swing Orchestra,32439,166,"['jazz metal', 'opera metal', 'steampunk', 'swedish metal', 'symphonic metal']"
Diam's,1,1,"['francoton', 'french hip hop', 'french pop', 'pop urbaine']"
Diamond Head,468,1,"['hard rock', 'metal', 'nwobhm', 'speed metal', 'thrash metal']"
Diana Krall,267,1,"['adult standards', 'contemporary vocal jazz', 'jazz pop', 'lounge', 'vocal jazz']"
Dick Annegarn,405,3,['chanson']
Dierks Bentley,410,3,"['contemporary country', 'country', 'country road']"
Dimmu Borgir,279,1,"['black metal', 'melodic death metal', 'metal', 'norwegian black metal', 'norwegian metal', 'symphonic black metal', 'symphonic metal']"
Dio,2785,11,"['album rock', 'classic rock', 'glam metal', 'hard rock', 'metal', 'power metal', 'rock']"
Dire Straits,65938,233,"['album rock', 'classic rock', 'mellow gold', 'rock']"
Disasterpeace,4715,39,"['chiptune', 'indie game soundtrack', 'video game music']"
Disiz,819,9,"['french hip hop', 'pop urbaine', 'rap calme', 'rap conscient', 'rap inde']"
Disturbed,1268,5,"['alternative metal', 'nu metal', 'rap metal']"
Dj Cutman,1645,9,"['otacore', 'vgm remix']"
Django,247,1,"['french hip hop', 'pop urbaine', 'rap calme', 'rap francais']"
Django Django,472,3,"['alternative dance', 'chamber psych', 'electronic rock', 'electronica', 'indie rock', 'new rave', 'shimmer pop']"
Dmitri Shostakovich,223,1,"['classical', 'compositional ambient', 'russian modern classical']"
Doc Gynéco,248,2,"['french hip hop', 'french reggae', 'musique guadeloupe', 'old school rap francais', 'rap conscient']"
Donut's GANG,39130,202,[]
Dope,746,4,"['alternative metal', 'industrial metal', 'industrial rock', 'nu metal', 'rap rock']"
Doris Day,151,1,"['adult standards', 'easy listening', 'lounge', 'swing', 'vocal jazz']"
Doyle W. Donehoo,2205,14,"['epicore', 'scorecore', 'video game music']"
Draconian,407,1,"['doom metal', 'gothic metal', 'gothic symphonic metal', 'neoclassical darkwave', 'swedish doom metal', 'swedish metal']"
Dream Cave,2391,18,[]
Dream Theater,1855,5,"['metal', 'progressive metal', 'rock']"
Dries Riesen,1270,5,[]
Drowning Pool,201,1,"['alternative metal', 'industrial metal', 'nu metal', 'post-grunge', 'rap metal', 'rap rock', 'wrestling']"
Dubmood,110,1,"['chiptune', 'nintendocore', 'swedish synth']"
Duponte et Duponte,652,4,[]
Dusty Springfield,164,1,"['adult standards', 'brill building pop', 'british invasion', 'folk', 'folk rock', 'mellow gold', 'motown', 'soul', 'vocal jazz']"
Eagles,391,1,"['album rock', 'classic rock', 'country rock', 'folk rock', 'heartland rock', 'mellow gold', 'rock', 'soft rock', 'yacht rock']"
Eddie Harper,855,4,['background jazz']
Eddy Mitchell,210,1,"['chanson', 'french pop']"
Edgar Hopp,5481,27,[]
El Huervo,161,1,[]
El Michels Affair,174,1,"['afrobeat', 'funk', 'indie jazz', 'indie soul', 'instrumental soul', 'soul']"
Electric Light Orchestra,801,3,"['album rock', 'art rock', 'beatlesque', 'bow pop', 'classic rock', 'folk rock', 'glam rock', 'mellow gold', 'rock', 'soft rock', 'symphonic rock']"
Element Eighty,39,1,"['alternative metal', 'nu metal', 'rap rock']"
Ella Fitzgerald & Louis Armstrong,704,2,[]
Elle King,490,2,['modern blues rock']
Eluveitie,498,2,"['bow pop', 'celtic metal', 'folk metal', 'hurdy-gurdy', 'melodic death metal', 'power metal', 'swiss metal']"
Emigrate,737,3,"['industrial metal', 'industrial rock', 'neue deutsche harte']"
Eminem,6138,51,"['detroit hip hop', 'hip hop', 'rap']"
Enaid,220,1,"['celtic', 'medieval folk', 'new age']"
Ensemble Galilei,179,1,"['hammered dulcimer', 'medieval folk', 'string folk']"
Ensiferum,435,2,"['finnish melodeath', 'finnish metal', 'folk metal', 'melodic death metal', 'metal', 'nordic folk metal', 'power metal', 'viking metal']"
Epic Mountain,2348,6,['video game music']
Epic North,642,4,['epicore']
Epica,2494,8,"['dutch metal', 'gothic metal', 'gothic symphonic metal', 'neo classical metal', 'opera metal', 'power metal', 'symphonic metal']"
Eric Church,175,1,"['contemporary country', 'country', 'country road']"
Eric Clapton,4986,17,"['album rock', 'blues rock', 'classic rock', 'electric blues', 'mellow gold', 'rock', 'soft rock']"
Eric Whitacre,294,1,"['21st century classical', 'american 21st century classical', 'choral', 'contemporary choir']"
Erik Ekholm,1319,7,"['epicore', 'scorecore']"
Erinrad Viker Sinfonietta,5254,29,[]
Erutan,194,1,"['medieval folk', 'otacore']"
Escape the Fate,266,1,"['alternative metal', 'metalcore', 'modern rock', 'pixie', 'pop punk', 'screamo']"
Eurielle,419,2,['epicore']
Evergrey,6,1,"['melodic metal', 'metal', 'neo classical metal', 'power metal', 'progressive metal', 'swedish progressive metal']"
Fabe,38,1,"['french hip hop', 'old school rap francais', 'rap inde']"
FalKKonE,285,1,['otacore']
Falconer,309,1,"['folk metal', 'melodic metal', 'neo classical metal', 'nordic folk metal', 'power metal', 'swedish power metal']"
Falkenbach,349,1,"['autonomous black metal', 'folk black metal', 'folk metal', 'german metal', 'icelandic black metal', 'nordic folk metal', 'pagan black metal', 'viking black metal', 'viking metal']"
Falling In Reverse,0,1,"['metalcore', 'modern rock', 'pop punk', 'rap metal']"
Feu! Chatterton,120,1,"['french indie pop', 'french indietronica', 'french rock', 'nouvelle chanson francaise']"
Finntroll,501,3,"['finnish metal', 'folk metal', 'melodic death metal', 'metal', 'nordic folk metal', 'power metal', 'viking metal']"
Fleet Foxes,275,1,"['chamber pop', 'freak folk', 'indie folk', 'indie pop', 'indie rock', 'seattle indie', 'stomp and holler']"
Fleshgod Apocalypse,317,2,"['blackened deathcore', 'brutal death metal', 'death metal', 'italian death metal', 'opera metal', 'symphonic death metal', 'symphonic metal', 'technical death metal']"
Florie Brown,133,1,[]
FlyByNo,10768,56,[]
Flying Colors,389,4,"['neo-progressive', 'progressive metal', 'progressive rock', 'symphonic rock']"
Flynt,14,1,"['french hip hop', 'rap inde']"
Fonka & La Kok',23025,131,[]
Fonky Family,331,2,"['french hip hop', 'old school rap francais', 'rap conscient', 'rap marseille']"
Foo Fighters,269,1,"['alternative metal', 'alternative rock', 'modern rock', 'permanent wave', 'post-grunge', 'rock']"
Fort Knox Five,240,1,['bboy']
Foster Davies,360,2,[]
Foxygen,201,1,"['baroque pop', 'experimental pop', 'freak folk', 'indie garage rock', 'indie pop', 'indie rock', 'neo-psychedelic']"
Frank Chacksfield & His Orchestra,11,1,"['adult standards', 'ballroom', 'easy listening', 'light music', 'lounge']"
Frank Sinatra,1252,7,"['adult standards', 'easy listening', 'lounge']"
Frans Bak,293,1,"['danish jazz', 'nordic soundtrack']"
Franska Trion,125,1,"['classic swedish pop', 'swedish jazz']"
French 79,746,3,"['french indie pop', 'french indietronica', 'new french touch']"
Freya Catherine,49,2,['otacore']
Frida Johansson,12641,49,['video game music']
Fulton Street Players,724,4,[]
Funky DL,252,1,"['ambeat', 'chillhop', 'jazz boom bap', 'jazz rap']"
Future Heroes,405,3,['epicore']
GENTLE LOVE,963,3,"['japanese vgm', 'otacore']"
Gabby Barrett,215,1,['contemporary country']
Gabriele Motta,996,4,[]
Gareth Coker,85811,535,['video game music']
Garoad,1231,8,[]
Gary Bartz,169,1,"['indie jazz', 'jazz funk', 'jazz saxophone', 'soul jazz']"
Gary Jules,189,1,['neo mellow']
Gary Moore,690,2,"['album rock', 'blues rock', 'british blues', 'classic rock', 'electric blues', 'hard rock', 'rock']"
Gavin Luke,1624,8,"['background music', 'calming instrumental', 'focus', 'neo-classical']"
Genesis,1328,7,"['album rock', 'art rock', 'classic rock', 'mellow gold', 'progressive rock', 'rock', 'soft rock', 'symphonic rock']"
Geoff Knorr,444,2,['video game music']
George Gershwin,145,1,"['american modern classical', 'classical', 'early modern classical', 'tin pan alley']"
George Harrison,706,3,"['album rock', 'beatlesque', 'classic rock', 'folk rock', 'mellow gold', 'rock', 'roots rock', 'soft rock']"
Georges Brassens,89,5,"['chanson', 'french pop', 'french rock']"
Georges Moustaki,704,5,['chanson']
Georgio,1,1,"['french hip hop', 'new french touch', 'pop urbaine', 'rap calme']"
Ghost,3576,16,"['hard rock', 'metal']"
Ghost Brigade,625,2,"['doom metal', 'finnish death metal', 'finnish doom metal', 'finnish melodeath', 'finnish metal', 'gothic metal', 'melodic death metal']"
Gilles Servat,1,2,['breton folk']
Glenn Stafford,1466,9,['video game music']
GlitchxCity,615,2,"['lo-fi vgm', 'otacore']"
Godsmack,304,1,"['alternative metal', 'nu metal', 'post-grunge', 'rap metal']"
Gojira,37847,145,"['alternative metal', 'french death metal', 'french metal', 'metal', 'nu metal', 'progressive groove metal']"
Gov't Mule,2541,9,[]
Gramatik,246,1,"['downtempo', 'jazz boom bap', 'jazztronica', 'livetronica', 'nu jazz', 'slovenian electronic', 'trip hop']"
Grand Corps Malade,198,1,"['chanson', 'francoton', 'french pop', 'french rock', 'nouvelle chanson francaise']"
Grant Newman,2685,16,[]
Grave Digger,244,1,"['german metal', 'german power metal', 'hard rock', 'melodic metal', 'metal', 'neo classical metal', 'neo-trad metal', 'power metal', 'speed metal']"
Graveyard,731,2,"['modern blues rock', 'psychedelic doom', 'retro metal', 'space rock', 'stoner metal', 'stoner rock', 'swedish stoner rock']"
Greydon Park Band,1678,8,['background jazz']
Guano Apes,187,1,"['alternative metal', 'funk metal', 'funk rock', 'german alternative rock', 'german rock', 'nu metal']"
Guizmo,451,2,"['french hip hop', 'pop urbaine', 'rap francais', 'rap inde']"
Guns N' Roses,646,4,"['glam metal', 'hard rock', 'rock']"
Gustav Holst,117,1,"['british modern classical', 'classical', 'early modern classical', 'post-romantic era']"
Gustavo Santaolalla,183,1,"['argentine ambient', 'latin classical', 'latin soundtrack', 'soundtrack', 'video game music']"
HEALTH,0,1,"['alternative dance', 'grave wave', 'metropopolis', 'noise pop', 'noise rock']"
HIM,211,1,"['dark rock', 'finnish alternative rock', 'gothic metal']"
HIXTAPE,8,1,['contemporary country']
HKK,157,1,[]
Haggard,1759,4,['symphonic metal']
Haken,1383,4,"['djent', 'neo classical metal', 'progressive metal', 'symphonic rock']"
Hampus Naeselius,7290,40,['epicore']
Hardline,234,1,"['album rock', 'glam metal', 'hard rock', 'melodic hard rock', 'modern hard rock', 'sleaze rock']"
Helloween,920,3,"['german metal', 'german power metal', 'hard rock', 'metal', 'neo classical metal', 'old school thrash', 'power metal', 'rock', 'speed metal']"
Henri Texier,317,1,"['contemporary jazz', 'french jazz']"
Henry Mancini,0,1,"['adult standards', 'classic soundtrack', 'easy listening', 'lounge', 'vocal jazz']"
Hi-Finesse,193,1,['epicore']
Hiroyuki Sawano,483,2,"['anime score', 'japanese soundtrack', 'otacore']"
Hocus Pocus,1659,8,"['french hip hop', 'hip-hop experimental', 'nantes indie']"
Hollyridge Strings,0,1,"['easy listening', 'lounge']"
Hoobastank,162,1,"['alternative metal', 'funk metal', 'nu metal', 'pop rock', 'post-grunge']"
Howard Harper-Barnes,7443,48,[]
Howard Shore,1486,6,"['canadian classical', 'canadian soundtrack', 'middle earth', 'scorecore', 'soundtrack', 'video game music']"
Hubert-Félix Thiéfaine,222,3,"['chanson', 'french rock', 'nouvelle chanson francaise']"
Hudson Harris & Haim,709,4,[]
Hudson Swan,344,1,['scottish fiddle']
Hugo TSR,75423,438,"['french hip hop', 'pop urbaine', 'rap conscient', 'rap francais', 'rap inde']"
Hyperduck Soundworks,1506,8,['video game music']
ICO,13464,95,"['belgian hip hop', 'french hip hop', 'rap belge', 'rap calme', 'rap francais']"
Iam,28041,139,"['french hip hop', 'french reggae', 'old school rap francais', 'rap conscient', 'rap marseille']"
Iced Earth,601,4,"['hard rock', 'metal', 'neo classical metal', 'old school thrash', 'power metal', 'power thrash', 'speed metal', 'us power metal']"
Iggy Pop,283,1,"['alternative rock', 'art rock', 'classic rock', 'glam rock', 'new wave', 'permanent wave', 'post-punk', 'protopunk', 'punk', 'rock']"
Igor Stravinsky,275,1,"['classical', 'early modern classical', 'neoclassicism', 'russian modern classical']"
Igorrr,12213,74,"['avant-garde metal', 'breakcore', 'cybergrind', 'french metal', 'opera metal']"
Ihsahn,627,2,"['black metal', 'jazz metal', 'metal', 'norwegian metal', 'progressive metal']"
Ill.,1293,4,['old school rap francais']
Imagine Music,881,5,['epicore']
Immediate,178,1,"['epicore', 'scorecore', 'soundtrack']"
In Flames,1271,5,"['alternative metal', 'gothenburg metal', 'melodic death metal', 'melodic metalcore', 'metal', 'nu metal', 'swedish death metal', 'swedish melodeath', 'swedish metal']"
In Love With a Ghost,743,4,"['future bass', 'kawaii future bass', 'lo-fi beats']"
In Mourning,470,2,"['melodic death metal', 'progressive death metal', 'swedish melodeath', 'swedish progressive metal']"
In Uchronia,10501,67,[]
Infinitescore,374,2,['epicore']
Inon Zur,1988,14,"['epicore', 'scorecore', 'soundtrack', 'video game music']"
Insomnium,29050,106,"['finnish death metal', 'finnish melodeath', 'finnish metal', 'melodic death metal', 'metal']"
Interpol,301,1,"['alternative dance', 'alternative rock', 'indie rock', 'modern rock', 'new rave', 'rock']"
Iron Maiden,176241,463,"['album rock', 'hard rock', 'metal', 'nwobhm', 'rock']"
Israel Nash,438,2,"['alternative country', 'deep new americana', 'indie folk', 'modern folk rock', 'new americana']"
Iván Torrent,536,2,['epicore']
J. Cole,103,2,"['conscious hip hop', 'hip hop', 'north carolina hip hop', 'rap']"
J. S. Hopkins,377,3,[]
J.J. Cale,598,4,"['blues', 'blues rock', 'classic rock', 'country rock', 'folk rock', 'mellow gold', 'rock', 'roots rock']"
Jack Wall,612,6,"['epicore', 'scorecore', 'soundtrack', 'video game music']"
Jacob Gurevitsch,1,1,['danish modern jazz']
Jacques Brel,513,4,"['belgian singer-songwriter', 'chanson', 'french pop', 'french rock']"
Jacques Higelin,302,1,"['chanson', 'french pop', 'french rock', 'nouvelle chanson francaise']"
Jajnov,96,1,"['otacore', 'scorecore']"
Jake Kaufman,448,2,['indie game soundtrack']
Jake Owen,238,1,"['contemporary country', 'country', 'country road', 'modern country rock']"
Jakob Ahlbom,1895,9,"['background music', 'calming instrumental', 'focus']"
James Hannigan,334,2,"['scorecore', 'video game music']"
James Jackson Jazz Trio,820,4,['background jazz']
James Last,86,1,"['adult standards', 'easy listening']"
James Paget,1703,7,['epicore']
Japanese podcast for beginners (Nihongo con Teppei),6,1,[]
Jason Hayes,2810,18,"['scorecore', 'video game music']"
Jazz Paladin,330,2,[]
Jean Sibelius,399,2,"['classical', 'finnish classical', 'impressionism', 'post-romantic era']"
Jeanne Moreau,205,1,"['chanson', 'nouvelle chanson francaise', 'ye ye']"
Jeff Beck,29,1,"['album rock', 'art rock', 'blues', 'blues rock', 'british blues', 'classic rock', 'electric blues', 'hard rock', 'instrumental rock', 'jazz fusion', 'rock', 'symphonic rock']"
Jeff Buckley,413,1,"['melancholia', 'permanent wave', 'rock', 'singer-songwriter']"
Jeff Laine & Co,1426,8,[]
Jefferson Airplane,324,2,"['acid rock', 'classic rock', 'folk rock', 'psychedelic rock', 'rock', 'roots rock']"
Jeremy Irons,210,1,['movie tunes']
Jeremy Soule,31205,137,"['scorecore', 'soundtrack', 'video game music']"
Jesper Kyd,11314,59,"['epicore', 'nordic soundtrack', 'scorecore', 'soundtrack', 'video game music']"
Jessica Curry,22627,106,"['indie game soundtrack', 'scorecore', 'soundtrack', 'video game music']"
Jethro Tull,511,6,"['album rock', 'art rock', 'blues rock', 'classic rock', 'flute rock', 'hard rock', 'progressive rock', 'psychedelic rock', 'rock', 'symphonic rock']"
Jihye Lee Orchestra,378,1,[]
Jim Guthrie,96,1,"['indie game soundtrack', 'video game music']"
Jimi Hendrix,585,3,"['acid rock', 'album rock', 'blues rock', 'classic rock', 'hard rock', 'psychedelic rock', 'rock']"
Jinjer,305,1,['slayer']
Jo Wandrini,3915,16,[]
Joachim Pastor,1117,3,"['deep euro house', 'french tech house', 'minimal techno', 'new french touch', 'tropical house']"
Joe Cocker,312,1,"['album rock', 'blues rock', 'classic rock', 'mellow gold', 'rock', 'soft rock']"
Joe Satriani,230,1,"['hard rock', 'instrumental rock', 'metal guitar', 'neo classical metal', 'shred']"
Joel Lyssarides,9,1,['background jazz']
Joel Nielsen,1098,13,"['canadian soundtrack', 'video game music']"
Joey Alexander,373,1,"['background jazz', 'indonesian jazz', 'modern jazz piano']"
JoeyStarr,3049,16,['old school rap francais']
Johann Strauss II,593,1,"['classical', 'late romantic era', 'operetta']"
Johannes Bornlöf,4996,34,"['calming instrumental', 'focus', 'neo-classical']"
John Abbot,1760,12,[]
John Barry,86,1,"['adult standards', 'british soundtrack', 'classic soundtrack', 'scorecore', 'soundtrack']"
John Lee Hooker,2149,10,"['blues', 'blues rock', 'classic rock', 'delta blues', 'electric blues', 'memphis blues', 'soul', 'traditional blues']"
John Lennon,994,5,"['album rock', 'art rock', 'beatlesque', 'classic rock', 'folk rock', 'mellow gold', 'rock']"
Johnny Cash,216,1,"['arkansas country', 'outlaw country']"
Jonathan Wilson,478,1,"['modern folk rock', 'neo-psychedelic', 'pop rock']"
Jonathan Young,229,1,"['comic', 'otacore']"
Joris de Man,3690,15,"['scorecore', 'soundtrack', 'video game music']"
Joseph Lawrence,1410,4,[]
José González,426,2,"['gothenburg indie', 'indie folk', 'neo mellow', 'stomp and holler', 'swedish indie folk', 'swedish indie pop', 'swedish singer-songwriter']"
Judas Priest,2017,8,"['album rock', 'birmingham metal', 'classic rock', 'hard rock', 'metal', 'power metal', 'rock']"
Julie London,190,2,"['adult standards', 'easy listening', 'lounge', 'soul', 'swing', 'torch song', 'vocal jazz']"
Julos Beaucarne,34,1,[]
Just Music Beats,898,4,['rap marseille']
Justin Bell,2257,12,['video game music']
Justin E. Bell,930,2,['video game music']
KISS,1452,8,"['album rock', 'classic rock', 'glam rock', 'hard rock', 'metal', 'rock']"
Kacem Wapalek,250,3,['rap lyonnais']
Kalmah,297,2,"['finnish death metal', 'finnish melodeath', 'finnish metal', 'folk metal', 'melodic death metal', 'metal', 'oulu metal']"
Kansas,206,1,"['album rock', 'art rock', 'bow pop', 'classic rock', 'hard rock', 'heartland rock', 'mellow gold', 'progressive rock', 'rock', 'soft rock', 'symphonic rock']"
Katatonia,1050,5,"['alternative metal', 'doom metal', 'gothic metal', 'metal', 'progressive metal', 'swedish doom metal', 'swedish metal', 'swedish progressive metal']"
Keigo Hoashi,2216,8,['japanese vgm']
Keiichi Okabe,4211,16,['japanese vgm']
Keith Merrill,545,2,['epicore']
Kendrick Lamar,6210,31,"['conscious hip hop', 'hip hop', 'rap', 'west coast rap']"
Kenny Chesney,226,1,"['contemporary country', 'country', 'country road']"
Kenny Wayne Shepherd,235,1,"['blues', 'blues rock', 'classic rock', 'country rock', 'electric blues', 'modern blues', 'modern blues rock', 'rock']"
Kensuke Ushio,1130,6,"['anime score', 'japanese soundtrack', 'otacore']"
Keny Arkana,547,5,"['conscious hip hop', 'french hip hop', 'french reggae', 'rap conscient', 'rap marseille']"
Kery James,268,4,"['francoton', 'french hip hop', 'pop urbaine', 'rap conscient']"
Kevin Morby,11956,41,"['freak folk', 'indie folk', 'indie pop', 'indie rock', 'kc indie', 'modern folk rock', 'new americana', 'stomp and holler']"
Kheops,910,3,"['french hip hop', 'old school rap francais', 'rap inde', 'rap marseille']"
Kiefer,166,1,"['indie jazz', 'indie r&b', 'indie soul', 'neo r&b']"
Killer Be Killed,120,2,"['alternative metal', 'groove metal', 'nu metal']"
Kings & Creatures,971,7,['epicore']
Kings of Leon,19,2,"['modern rock', 'rock']"
Klub Des Loosers,202,1,"['french hip hop', 'rap inde']"
Kool Shen,479,3,"['french hip hop', 'rap conscient']"
Korn,24505,127,"['alternative metal', 'funk metal', 'nu metal', 'rap metal', 'rock']"
Kotaro Nakagawa,270,2,['anime score']
Kreator,284,1,"['death metal', 'german metal', 'german thrash metal', 'groove metal', 'hard rock', 'melodic thrash', 'metal', 'old school thrash', 'power metal', 'speed metal', 'thrash metal']"
Krzysztof Wierzynkiewicz,246,1,['video game music']
Kubbi,3126,10,"['bitpop', 'chiptune']"
Kuipers & Winter,1085,5,['background jazz']
Kuniyuki Takahashi,988,3,['japanese vgm']
L'Or du Commun,2936,16,[]
La Caution,0,1,"['french hip hop', 'old school rap francais']"
La Reine des chansons pour enfants et bébés,37,1,['musique pour enfants']
La Rumeur,594,3,"['french hip hop', 'rap inde']"
Lacuna Coil,438,2,"['alternative metal', 'gothic metal', 'italian gothic', 'italian gothic metal', 'italian metal', 'slayer', 'symphonic metal']"
Lake Of Tears,315,1,"['doom metal', 'gothic metal', 'progressive doom', 'swedish doom metal', 'swedish metal']"
Lamb of God,2210,10,"['alternative metal', 'groove metal', 'melodic metalcore', 'metal', 'nu metal', 'virginia metal']"
Laura Marling,88,2,"['art pop', 'british folk', 'british singer-songwriter', 'chamber pop', 'indie folk', 'indie pop', 'singer-songwriter', 'stomp and holler']"
Laura Shigihara,87,1,[]
League of Legends,68091,439,"['speedrun', 'video game music']"
Led Zeppelin,999,5,"['album rock', 'classic rock', 'hard rock', 'rock']"
Leg Day,219,1,[]
Lena Raine,210971,781,"['indie game soundtrack', 'video game music']"
Leprous,2507,9,"['djent', 'norwegian metal', 'prog metal', 'progressive metal']"
Les 3 Fromages,57,1,"['french punk', 'french rock']"
Les Fatals Picards,27,1,"['french folk pop', 'french reggae', 'french rock']"
Les Sales Majestés,16,1,"['french punk', 'french reggae', 'french rock']"
Lifeformed,2386,10,"['bitpop', 'indie game soundtrack']"
Lim,1,1,"['french hip hop', 'pop urbaine', 'rap inde']"
Lindemann,563,2,['neue deutsche harte']
Linkin Park,1170,7,"['alternative metal', 'nu metal', 'post-grunge', 'rap metal']"
LiquidCinema,500,3,['epicore']
Lisa Gordan Trio,768,2,[]
Lomepal,2,1,"['french hip hop', 'new french touch', 'rap conscient']"
Lord Of The Lost,493,2,"['dark rock', 'gothic metal', 'industrial metal', 'neue deutsche harte']"
Lordi,7,1,"['comic metal', 'finnish hard rock', 'finnish heavy metal', 'metal', 'power metal']"
Lorne Balfe,920,9,"['british soundtrack', 'epicore', 'scorecore', 'soundtrack', 'video game music']"
Louie Zong,901,9,"['otacore', 'weirdcore']"
Louis Armstrong,298,1,"['adult standards', 'dixieland', 'harlem renaissance', 'jazz trumpet', 'new orleans jazz', 'soul', 'swing', 'vocal jazz']"
Louis Prima,284,1,"['adult standards', 'jump blues', 'lounge', 'soul', 'swing', 'vocal jazz']"
Louis Silva Band,412,2,['background jazz']
Lucio Bukowski,610,2,"['french hip hop', 'rap inde', 'rap lyonnais']"
LudoWic,735,3,['modular synth']
Ludvig Forssell,708,3,"['anime', 'video game music']"
Ludwig Goransson,2,1,"['nordic soundtrack', 'scorecore', 'soundtrack']"
Lumsk,391,1,"['folk metal', 'nordic folk metal', 'norwegian metal', 'viking metal']"
Lunatic,444,3,"['french hip hop', 'old school rap francais', 'rap inde']"
Lydia Baskow Trio,157,1,['background jazz']
Léo Ferré,9842,59,"['chanson', 'nouvelle chanson francaise']"
MASTER BOOT RECORD,225,1,['darksynth']
MC Solaar,8107,68,"['french hip hop', 'french rock', 'jazz rap', 'old school rap francais']"
MEGTARO,483,3,[]
MGMT,299,1,"['alternative dance', 'indie rock', 'indietronica', 'modern rock', 'rock']"
Machinae Supremacy,1752,6,"['bitpop', 'future rock', 'power metal', 'swedish metal', 'swedish power metal']"
Machine Head,1860,8,"['alternative metal', 'groove metal', 'hard rock', 'industrial metal', 'melodic groove metal', 'melodic metalcore', 'metal', 'nu metal', 'progressive groove metal', 'rap rock', 'rock']"
Madeleine Peyroux,5803,27,"['adult standards', 'contemporary vocal jazz', 'jazz pop', 'lounge', 'soul', 'vocal jazz']"
Mallias,495,4,[]
Malukah,2124,14,['video game music']
Manau,478,2,"['french rock', 'rap conscient']"
Mandevilla,1778,6,['background jazz']
Manowar,310,1,"['comic metal', 'hard rock', 'metal', 'power metal', 'rock', 'us power metal']"
Manuel de Falla,296,2,"['classical', 'early modern classical', 'impressionism', 'neoclassicism', 'post-romantic era']"
Marcin Przybyłowicz,17844,102,"['scorecore', 'video game music']"
Marcus Warner,276,1,['epicore']
Marilyn Manson,718,4,"['alternative metal', 'industrial', 'industrial metal', 'industrial rock', 'nu metal', 'wrestling']"
Marius Neset,147,1,"['jazz saxophone', 'norwegian contemporary jazz']"
Mark Knopfler,670,3,"['classic rock', 'folk rock', 'mellow gold', 'soft rock']"
Marlon Williams,161,1,"['nz folk', 'nz pop', 'nz singer-songwriter']"
Martin O'Donnell,1317,6,"['scorecore', 'video game music']"
Marty Robbins,147,1,"['cowboy western', 'nashville sound']"
Mary Shelley,49,1,['reading']
Massive Attack,249,1,"['big beat', 'downtempo', 'electronica', 'trip hop']"
Mastodon,2031,8,"['alternative metal', 'atlanta metal', 'hard rock', 'metal', 'nu metal', 'progressive groove metal', 'progressive sludge', 'rock', 'sludge metal', 'stoner metal']"
Matias Puumala,494,2,['epicore']
Matt Maltese,218,1,"['dream smp', 'indie anthem-folk', 'indie pop']"
Matt Uelmen,2504,15,['video game music']
Maurice Ravel,688,2,"['classical', 'early modern classical', 'impressionism', 'neoclassicism', 'post-romantic era']"
Maxime Le Forestier,11,1,"['chanson', 'french pop', 'nouvelle chanson francaise']"
Me And That Man,476,2,['gothic americana']
Megadeth,4393,19,"['album rock', 'alternative metal', 'hard rock', 'melodic thrash', 'metal', 'old school thrash', 'rock', 'speed metal', 'thrash metal']"
Mel Tormé,317,2,"['adult standards', 'big band', 'cool jazz', 'easy listening', 'lounge', 'swing', 'vocal jazz']"
Melody Gardot,270,1,"['adult standards', 'contemporary vocal jazz', 'lounge', 'soul', 'vocal jazz']"
Metallica,26410,86,"['hard rock', 'metal', 'old school thrash', 'rock', 'thrash metal']"
Metalocalypse: Dethklok,461,2,"['comic', 'comic metal']"
Michael Giacchino,51,1,['soundtrack']
Michael Jackson,1648,5,"['pop', 'r&b', 'soul']"
Michael Shirt,1443,10,[]
Michael Soriano Trio,206,1,['background jazz']
Michael Tai,546,2,"['japanese instrumental', 'otacore', 'scorecore']"
Michael Wollny,321,1,"['contemporary jazz', 'german jazz']"
Michel Legrand,1,1,"['classic soundtrack', 'french jazz', 'french soundtrack']"
Mikolai Stroinski,6281,48,"['scorecore', 'video game music']"
Milk Coffee & Sugar,95,4,"['rap conscient', 'rap inde']"
Miracle Of Sound,4422,22,"['antiviral pop', 'comic', 'irish metal', 'otacore', 'video game music']"
Moriarty,188,3,"['electro-pop francais', 'french indie folk', 'french indie pop', 'french rock', 'nouvelle chanson francaise', 'swiss rock']"
Motoi Sakuraba,1858,7,"['japanese vgm', 'video game music']"
Motörhead,1383,5,"['album rock', 'alternative metal', 'hard rock', 'metal', 'rock', 'speed metal']"
Mudeth,2184,9,"['bangalore indie', 'indie game soundtrack']"
Mudvayne,216,1,"['alternative metal', 'groove metal', 'industrial metal', 'nu metal', 'rap metal', 'rap rock']"
Muse,28938,88,"['modern rock', 'permanent wave', 'rock']"
Mychael Danna,1183,7,"['canadian soundtrack', 'scorecore', 'soundtrack']"
Myele Manzanza,428,1,"['indie jazz', 'uk contemporary jazz']"
Mylène Farmer,4796,19,"['chanson', 'french pop', 'french synthpop']"
Myrath,272,1,"['african rock', 'arab metal', 'oriental metal', 'progressive metal']"
Måns & Dotter,620,4,[]
Médine,524,11,"['french hip hop', 'pop urbaine', 'rap conscient', 'rap francais']"
NINJA TRACKS,146,1,['epicore']
NTO,7229,21,"['minimal melodic techno', 'minimal techno', 'new french touch', 'tropical house']"
Nakk Mendosa,322,4,"['french hip hop', 'rap inde']"
Nancy Sinatra,418,2,"['brill building pop', 'folk rock', 'lounge']"
Narsilion,414,1,"['dark wave', 'ethereal wave', 'medieval folk', 'middle earth', 'neoclassical darkwave', 'rune folk']"
Nat King Cole,673,4,"['adult standards', 'lounge', 'soul', 'vocal jazz']"
Neal Acree,4999,30,"['epicore', 'scorecore', 'video game music']"
Neil Young,411,4,"['album rock', 'canadian singer-songwriter', 'classic canadian rock', 'classic rock', 'mellow gold', 'permanent wave', 'rock', 'roots rock', 'singer-songwriter']"
Nemir,412,4,"['french hip hop', 'pop urbaine', 'rap calme']"
Neun Welten,334,1,"['medieval folk', 'neoclassical darkwave', 'neofolk']"
Neutral Milk Hotel,202,1,"['alternative rock', 'anti-folk', 'elephant 6', 'indie pop', 'indie rock', 'lo-fi', 'modern rock']"
Nevermore,1,1,"['metal', 'neo classical metal', 'power metal', 'progressive groove metal', 'progressive metal', 'seattle metal', 'thrash metal']"
Nick Waterhouse,180,1,"['chicago indie', 'funk']"
Nightmares On Wax,281,1,"['bleep techno', 'downtempo', 'electronica', 'nu jazz', 'trip hop', 'turntablism']"
Nightmargin,7203,70,['indie game soundtrack']
Nina Simone,370,2,"['jazz blues', 'soul', 'soul jazz', 'torch song', 'vocal jazz']"
Nine Inch Nails,374,1,"['alternative metal', 'alternative rock', 'cyberpunk', 'electronic rock', 'industrial', 'industrial metal', 'industrial rock', 'nu metal', 'rock']"
Nino Ferrer,62,1,"['chanson', 'french rock', 'nouvelle chanson francaise', 'ye ye']"
No Mana,277,1,"['complextro', 'edm', 'electro house']"
Nobuo Uematsu,455,2,"['anime score', 'chiptune', 'final fantasy', 'japanese classical', 'japanese vgm', 'video game music']"
Noir Désir,231,8,"['chanson', 'french pop', 'french reggae', 'french rock', 'rock alternatif francais']"
Nora Maddox,708,6,[]
Norberg,672,4,['background jazz']
Norther,246,1,"['finnish death metal', 'finnish melodeath', 'finnish metal', 'folk metal', 'melodic death metal', 'metal', 'viking metal']"
Nothing But Thieves,237,1,"['alternative pop rock', 'modern alternative rock', 'modern rock', 'rock']"
Novo Stella,800,4,['background jazz']
Nox Arcana,347,1,"['dungeon synth', 'ethereal wave', 'medieval folk', 'neoclassical darkwave', 'rune folk']"
Odezenne,314,3,"['french hip hop', 'french indie pop', 'french indietronica', 'new french touch', 'nouvelle chanson francaise']"
Ol Kainry,236,1,"['french hip hop', 'rap inde']"
Ola W Jansson,199,1,['background jazz']
Oleg Ponomarev,191,1,['gypsy']
Opeth,8490,30,"['alternative metal', 'metal', 'progressive death metal', 'progressive metal', 'rock', 'swedish metal', 'swedish progressive metal']"
Orelsan,268,3,"['french hip hop', 'old school rap francais', 'rap conscient']"
Ottorino Respighi,491,2,"['classical', 'early modern classical', 'impressionism', 'italian romanticism', 'neoclassicism', 'post-romantic era']"
Oxmo Puccino,8246,48,"['french hip hop', 'old school rap francais', 'rap conscient']"
Ozzy Osbourne,927,4,"['album rock', 'birmingham metal', 'hard rock', 'metal', 'rock']"
P.O.D.,190,1,"['alternative metal', 'funk metal', 'nu metal', 'rap metal', 'rap rock']"
PJ Harvey,235,1,"['alternative rock', 'art pop', 'art rock', 'chamber psych', 'indie rock', 'melancholia', 'permanent wave', 'piano rock', 'rock', 'singer-songwriter']"
Pablo Caballero,122,1,[]
Pain,683,5,"['industrial metal', 'metal', 'neue deutsche harte']"
Pain of Salvation,1037,3,"['neo-progressive', 'prog metal', 'progressive metal', 'swedish progressive metal', 'symphonic rock']"
Pandrezz,335,2,"['chillhop', 'lo-fi beats']"
Pantera,662,2,"['alternative metal', 'groove metal', 'hard rock', 'metal', 'nu metal', 'old school thrash', 'rock', 'texas metal', 'wrestling']"
Papa Roach,829,4,"['alternative metal', 'nu metal', 'rap metal', 'rap rock']"
Paradise Lost,290,1,"['death metal', 'doom metal', 'gothic metal', 'metal', 'uk doom metal']"
Paradox Interactive,3002,9,"['scorecore', 'video game music']"
Pascal Michael Stiefel,3068,13,"['indie game soundtrack', 'japanese vgm', 'otacore']"
Patryk Scelina,129,1,['epicore']
Paul Mauriat,0,2,"['adult standards', 'easy listening']"
Pawel Blaszczak,321,1,['video game music']
Payu,190,1,[]
Peach Pit,361,1,"['indie pop', 'modern alternative rock', 'modern rock', 'vancouver indie']"
Peggy Lee,347,2,"['adult standards', 'easy listening', 'lounge', 'soul', 'swing', 'torch song', 'vocal jazz']"
Pen of Chaos Et Le Naheulband,23865,137,[]
Percival,238,2,['video game music']
Percy Faith & His Orchestra,142,1,"['adult standards', 'easy listening', 'lounge']"
Perturbator,845,3,"['cyberpunk', 'dark clubbing', 'darksynth', 'synthwave']"
Peter Gabriel,280,3,"['album rock', 'art pop', 'art rock', 'classic rock', 'mellow gold', 'permanent wave', 'rock', 'soft rock']"
Peter Nero,540,3,"['adult standards', 'easy listening', 'lounge']"
Peter Rostov Trio,912,5,['background jazz']
Petter Eldh,252,1,['experimental jazz']
Philosophize This!,2,1,[]
Pierre Perret,33,1,"['chanson', 'french pop']"
Pink Floyd,131987,457,"['album rock', 'art rock', 'classic rock', 'progressive rock', 'psychedelic rock', 'rock', 'symphonic rock']"
Pink Martini,654,3,"['adult standards', 'lounge', 'vocal jazz']"
Piotr Musiał,6299,29,['video game music']
Pixies,558,3,"['alternative rock', 'boston rock', 'modern rock', 'permanent wave', 'rock']"
Placebo,1145,6,"['alternative rock', 'britpop', 'modern rock', 'permanent wave', 'rock']"
Platina Jazz,309,1,[]
Poldoore,240,1,"['chillhop', 'new french touch']"
Pomme,457,5,"['french indie pop', 'french pop', 'nouvelle chanson francaise']"
Powerwolf,218,2,"['german metal', 'german power metal', 'metal', 'power metal']"
Prismo,197,1,"['bass trap', 'gaming edm', 'traprun']"
Puscifer,150,1,"['alternative metal', 'alternative rock', 'industrial metal', 'industrial rock', 'nu metal']"
Q Funktion,168,1,['electro dub']
Qntal,356,1,"['dark wave', 'ethereal wave', 'medieval folk', 'neoclassical darkwave', 'neue deutsche todeskunst', 'rune folk']"
Quarter to Africa,274,1,['israeli jazz']
Queen,3180,13,"['classic rock', 'glam rock', 'rock']"
Queens of the Stone Age,344,2,"['alternative metal', 'alternative rock', 'blues rock', 'modern rock', 'nu metal', 'palm desert scene', 'rock', 'stoner metal', 'stoner rock']"
Queensrÿche,542,2,"['album rock', 'glam metal', 'hard rock', 'metal', 'progressive metal', 'rock', 'us power metal']"
Qumu,5,1,"['lo-fi vgm', 'otacore', 'vgm remix']"
R Armando Morabito,367,1,['epicore']
R.E.M.,1086,4,"['alternative rock', 'athens indie', 'classic rock', 'permanent wave', 'pop rock', 'rock']"
RMaster,147,1,"['anime latino', 'anime piano', 'otacore', 'scorecore']"
ROZEN,946,4,"['otacore', 'scorecore', 'video game music']"
Racer X,260,1,"['hard rock', 'metal', 'neo classical metal']"
Radiohead,61041,239,"['alternative rock', 'art rock', 'melancholia', 'oxford indie', 'permanent wave', 'rock']"
Rainbow,4258,15,"['album rock', 'classic rock', 'glam metal', 'hard rock', 'metal', 'rock']"
Ralph Vaughan Williams,385,1,"['classical', 'early modern classical', 'post-romantic era']"
Ralpi Composer,209,1,"['otacore', 'scorecore']"
Ramin Djawadi,394,2,"['german soundtrack', 'scorecore', 'soundtrack', 'video game music']"
Rammstein,34159,144,"['alternative metal', 'german metal', 'industrial', 'industrial metal', 'industrial rock', 'neue deutsche harte', 'nu metal']"
Randy Newman,124,1,"['disney', 'movie tunes', 'singer-songwriter']"
Raney Shockne,181,1,['bardcore']
Raphaël,51,1,"['chanson', 'french indie pop', 'french pop', 'french rock', 'nouvelle chanson francaise']"
Reese Quartet,824,4,[]
Renaud,2,1,"['chanson', 'french pop', 'french rock']"
Revolt Production Music,258,3,['epicore']
Rhapsody Of Fire,1553,5,"['italian folk metal', 'italian metal', 'italian power metal', 'melodic metal', 'neo classical metal', 'power metal', 'symphonic metal']"
Richard Dorfmeister,361,1,[]
Ridan,233,3,"['chanson', 'french folk pop', 'french reggae', 'french rock', 'nouvelle chanson francaise']"
Rilès,6,1,['french hip hop']
Rings of Saturn,107,1,"['deathcore', 'melodic metalcore', 'technical deathcore']"
Rise Against,671,3,"['chicago hardcore', 'chicago punk', 'hardcore punk', 'pop punk', 'punk']"
Rivers of Nihil,1206,4,['technical death metal']
Robert Elovsson Quartet,832,4,['background jazz']
Robert L. Euvino,27322,167,[]
Robert Louis Stevenson,48,1,"['hoerspiel', 'reading']"
Rocca,264,2,['colombian hip hop']
Rockin' Squat,60,2,"['conscious hip hop', 'french hip hop', 'rap conscient']"
Rocé,229,2,"['french hip hop', 'rap inde']"
Rodríguez,432,3,['folk rock']
Rome,242,1,[]
Rone,503,3,"['electronica', 'filter house', 'french indie pop', 'french indietronica', 'microhouse', 'minimal techno', 'new french touch']"
Rossdale Junction,450,2,[]
Rotting Christ,348,1,"['black metal', 'gothic black metal', 'greek black metal', 'greek metal', 'melodic black metal', 'metal', 'symphonic black metal', 'symphonic deathcore']"
Routs Wayne,107,2,[]
Ruby My Dear,211,1,"['breakcore', 'deep breakcore', 'drill and bass']"
Running Wild,387,1,"['german metal', 'german power metal', 'hard rock', 'metal', 'neo classical metal', 'neo-trad metal', 'old school thrash', 'pirate', 'power metal', 'speed metal']"
Russell Brower,9672,45,"['scorecore', 'video game music']"
Russell Shaw,255,1,['video game music']
Ryan Hurd,207,1,"['contemporary country', 'country pop']"
S3RL,162,1,"['australian dance', 'bouncy house', 'happy hardcore']"
SIE Sound Team,1901,8,"['japanese vgm', 'sound team', 'video game music']"
SNIPER,1,3,"['francoton', 'french hip hop', 'french reggae', 'rap conscient']"
Sabaton,3883,17,"['metal', 'power metal', 'swedish metal', 'swedish power metal']"
Saez,2,2,"['chanson', 'french indie pop', 'french pop', 'french reggae', 'french rock']"
Salif,0,1,"['french hip hop', 'pop urbaine', 'rap inde']"
Saliva,252,1,"['alternative metal', 'nu metal', 'rap metal', 'rap rock', 'wrestling']"
Sam Hulick,832,8,"['epicore', 'scorecore', 'soundtrack', 'video game music']"
Samuel Barber,596,1,"['american modern classical', 'classical', 'early modern classical']"
Sarah Schachner,1101,6,"['scorecore', 'soundtrack', 'video game music']"
Satyricon,392,1,"[""black 'n' roll"", 'black metal', 'metal', 'norwegian black metal', 'norwegian metal', 'pagan black metal', 'symphonic black metal']"
Savatage,39,2,"['album rock', 'hard rock', 'metal', 'neo classical metal', 'power metal', 'progressive metal', 'us power metal']"
Scattle,3715,18,['darksynth']
Scorpions,3965,14,"['album rock', 'german hard rock', 'german metal', 'german rock', 'hard rock', 'metal', 'rock']"
Scred Connexion,266,4,"['french hip hop', 'old school rap francais', 'rap inde']"
Seaforth,446,2,"['contemporary country', 'country pop']"
Seether,207,1,"['alternative metal', 'modern rock', 'nu metal', 'post-grunge', 'south african rock']"
Sentenced,255,1,"['finnish death metal', 'finnish melodeath', 'finnish metal', 'gothic metal', 'melodic death metal', 'metal', 'oulu metal']"
Septicflesh,403,3,"['death metal', 'greek metal', 'melodic death metal', 'metal', 'symphonic death metal', 'symphonic metal']"
Serge Gainsbourg,291,3,"['chanson', 'french pop', 'french rock']"
Serj Tankian,2002,9,"['alternative metal', 'nu metal']"
Seth Gueko,281,1,"['french hip hop', 'old school rap francais', 'pop urbaine', 'rap inde']"
Shades of the Abyss,185,1,['epicore']
Shaka Ponk,676,4,['french rock']
Shaman,178,1,['water']
Sharm,238,1,['epicore']
Shurik'n,3807,23,[]
Sick Puppies,561,3,"['alternative metal', 'christian rock', 'modern rock', 'nu metal', 'post-grunge', 'rap rock']"
Simon Chylinski,752,5,['indie game soundtrack']
Skarbø Skulekorps,119,1,['norwegian contemporary jazz']
Skread,102,1,['rap conscient']
Slash,367,1,"['hard rock', 'rock']"
Slipknot,1348,5,"['alternative metal', 'double drumming', 'nu metal', 'rap metal']"
Slowdive,230,1,"['alternative rock', 'art pop', 'dream pop', 'indie pop', 'indie rock', 'nu gaze', 'reading indie', 'rock', 'shoegaze']"
Soen,3385,13,"['alternative metal', 'progressive metal', 'swedish progressive metal']"
Soklak,510,2,"['french hip hop', 'rap inde']"
Sonata Arctica,350,2,"['finnish power metal', 'melodic metal', 'metal', 'neo classical metal', 'power metal', 'progressive metal', 'symphonic metal']"
Sonya Belousova,196,1,"['soundtrack', 'video game music']"
Sophie Zelmani,199,1,"['classic swedish pop', 'swedish singer-songwriter']"
Souleance,261,1,"['abstract beats', 'indie jazz']"
Sound Adventures,954,6,"['epicore', 'scorecore']"
Soundcritters,111,1,['epicore']
Soundgarden,74,1,"['alternative metal', 'alternative rock', 'grunge', 'hard rock', 'modern rock', 'nu metal', 'rock']"
Southside Trio,28,1,[]
Sparrow & Bird,1175,5,['background jazz']
Spotify,10,1,[]
Star Wars : L'univers étendu,91,1,[]
Stary Olsa,191,1,"['bardcore', 'medieval folk', 'tavern']"
Stat Quo,9,1,"['atl hip hop', 'southern hip hop']"
Static-X,92,1,"['alternative metal', 'groove metal', 'industrial metal', 'industrial rock', 'nu metal', 'rap metal', 'rap rock']"
Steely Dan,458,2,"['album rock', 'art rock', 'classic rock', 'country rock', 'folk', 'folk rock', 'mellow gold', 'rock', 'roots rock', 'soft rock', 'yacht rock']"
Steve Hackett,2,1,"['album rock', 'art rock', 'instrumental rock', 'jazz fusion', 'neo-progressive', 'progressive metal', 'progressive rock', 'symphonic rock']"
Steve Miller Band,742,4,"['album rock', 'blues rock', 'classic rock', 'country rock', 'folk rock', 'hard rock', 'heartland rock', 'mellow gold', 'rock', 'roots rock', 'soft rock']"
Stone Sour,1127,6,"['alternative metal', 'nu metal', 'post-grunge', 'rap rock', 'rock']"
Storm Weather Shanty Choir,240,1,['shanty']
Strapping Young Lad,293,1,"['alternative metal', 'canadian metal', 'death metal', 'groove metal', 'metal', 'nu metal', 'progressive metal', 'vancouver metal']"
Stratovarius,617,2,"['finnish power metal', 'hard rock', 'melodic metal', 'metal', 'neo classical metal', 'power metal', 'progressive metal', 'symphonic metal']"
Stuart Chatwood,1888,4,"['scorecore', 'video game music']"
Studio Megaane,92,1,[]
Stupeflip,866,5,"['french hip hop', 'french reggae', 'french rock', 'rap conscient']"
Sum 41,753,6,"['alternative metal', 'canadian pop punk', 'canadian punk', 'nu metal', 'pop punk', 'punk']"
Summoning,226,2,"['atmospheric black metal', 'austrian black metal', 'austrian metal', 'black metal', 'dungeon synth', 'epic black metal', 'middle earth', 'neoclassical darkwave', 'symphonic black metal', 'tolkien metal']"
Supertramp,21709,78,"['album rock', 'art rock', 'classic rock', 'glam rock', 'mellow gold', 'piano rock', 'progressive rock', 'rock', 'soft rock']"
Suprême NTM,762,7,"['french hip hop', 'french reggae', 'old school rap francais', 'rap conscient']"
Sur le fil,16,1,[]
Svinkels,48,1,"['french punk', 'french reggae', 'french rock', 'rap inde']"
Swallow The Sun,300,1,"['doom metal', 'finnish death metal', 'finnish doom metal', 'finnish melodeath', 'finnish metal', 'gothic metal', 'melodic death metal', 'metal']"
Sweet Nothings Band,287,1,['background jazz']
Sybrid,204,1,['epicore']
Symphony X,351,1,"['metal', 'neo classical metal', 'power metal', 'progressive metal', 'progressive power metal']"
System Of A Down,5191,24,"['alternative metal', 'nu metal', 'rap metal']"
Sólstafir,1211,4,"['icelandic black metal', 'icelandic metal', 'icelandic pop', 'pagan black metal', 'post-metal', 'viking black metal']"
TK from Ling tosite sigure,205,1,"['anime', 'j-poprock', 'j-rock', 'otacore']"
TRUST,7,1,['french rock']
Takeshi Furukawa,813,7,"['japanese soundtrack', 'video game music']"
Tenacious D,165,1,"['alternative metal', 'comedy rock', 'comic', 'comic metal', 'parody']"
Tenille Arts,66,1,"['canadian contemporary country', 'contemporary country', 'country pop']"
TesseracT,936,4,"['djent', 'progressive metal']"
Testament,390,1,"['alternative metal', 'death metal', 'groove metal', 'hard rock', 'metal', 'old school thrash', 'rock', 'thrash metal']"
Thaehan,331,2,[]
The Alan Parsons Project,506,3,"['album rock', 'art rock', 'classic rock', 'mellow gold', 'progressive rock', 'soft rock', 'symphonic rock']"
The Animals,1346,6,"['album rock', 'blues rock', 'british invasion', 'classic rock', 'folk rock', 'hard rock', 'protopunk', 'psychedelic rock', 'rock']"
The Barr Brothers,290,1,"['canadian americana', 'canadian indie', 'deep new americana', 'indie folk', 'new americana', 'stomp and holler']"
The Blasting Company,92,1,['chamber folk']
The Blue Room Band,632,2,['background jazz']
The Brian Jonestown Massacre,661,2,"['alternative rock', 'bay area indie', 'chamber psych', 'garage rock', 'indie rock', 'neo-psychedelic', 'shoegaze']"
The City of Birches,1299,5,[]
The City of Prague Philharmonic Orchestra,151,1,"['classic soundtrack', 'orchestra', 'scorecore', 'symfonicky orchestr', 'theme']"
The Crusaders,1293,4,"['funk', 'jazz funk', 'jazz fusion', 'smooth jazz', 'soul', 'soul jazz']"
The Darkness,327,2,"['glam metal', 'hard rock', 'rock']"
The Doors,2355,8,"['acid rock', 'classic rock', 'psychedelic rock', 'rock']"
The Fellowship,165,1,['middle earth']
The Groovers,3,1,[]
The Jazz Cultivators,952,4,['background jazz']
The Kilimanjaro Darkjazz Ensemble,417,1,['dark jazz']
The Kinks,485,3,"['album rock', 'art rock', 'british invasion', 'classic rock', 'folk rock', 'glam rock', 'mellow gold', 'protopunk', 'rock', 'roots rock']"
The Midnight Quartet,957,5,['background jazz']
The Moody Blues,1137,4,"['album rock', 'art rock', 'british invasion', 'classic rock', 'country rock', 'flute rock', 'folk', 'folk rock', 'hard rock', 'mellow gold', 'progressive rock', 'psychedelic rock', 'rock', 'soft rock', 'symphonic rock']"
The Offspring,537,3,"['alternative metal', 'permanent wave', 'punk', 'rock', 'skate punk', 'socal pop punk']"
The Platters,156,1,"['adult standards', 'brill building pop', 'doo-wop', 'lounge', 'rock-and-roll', 'rockabilly', 'soul', 'vocal jazz']"
The Police,1989,8,"['album rock', 'art rock', 'classic rock', 'mellow gold', 'new wave', 'permanent wave', 'rock', 'soft rock']"
The Rolling Stones,2807,12,"['british invasion', 'classic rock', 'rock']"
The Smashing Pumpkins,1170,5,"['alternative metal', 'alternative rock', 'grunge', 'permanent wave', 'pop rock', 'rock']"
The Smiths,601,2,"['madchester', 'new wave', 'permanent wave', 'rock', 'uk post-punk']"
The Stilltones,928,4,['background jazz']
The Sweetgreens,772,4,['background jazz']
The Tallest Man On Earth,255,1,"['indie folk', 'stomp and holler', 'swedish americana', 'swedish singer-songwriter']"
The Tolkien Ensemble,3081,12,['middle earth']
The Toxic Avenger,1308,4,"['dark clubbing', 'electro house', 'filter house']"
The Wallraff Group,840,4,['background jazz']
The Who,2861,12,"['album rock', 'art rock', 'british invasion', 'classic rock', 'folk rock', 'hard rock', 'mellow gold', 'rock', 'roots rock']"
Theophany,3458,12,"['gamecore', 'scorecore']"
Therion,291,2,"['gothic metal', 'gothic symphonic metal', 'metal', 'neo classical metal', 'opera metal', 'power metal', 'swedish metal', 'symphonic black metal', 'symphonic death metal', 'symphonic metal']"
This Is The Kit,221,1,"['bristol indie', 'chamber pop', 'chamber psych', 'freak folk', 'indie folk']"
Thom Yorke,402,2,"['art pop', 'electronica', 'glitch pop', 'indie rock', 'oxford indie']"
Thomas Bergersen,703,3,"['epicore', 'soundtrack', 'video game music']"
Thomas Dutronc,92,2,"['chanson', 'french pop', 'french rock', 'nouvelle chanson francaise']"
Thomas Fersen,1,1,"['chanson', 'french folk pop', 'french rock', 'nouvelle chanson francaise']"
Thomas Newman,306,1,['soundtrack']
Thomas Strønen,1,1,"['dark jazz', 'ecm-style jazz', 'jazz drums', 'norwegian contemporary jazz', 'norwegian experimental', 'norwegian jazz']"
Three Days Grace,614,4,"['alternative metal', 'canadian metal', 'canadian rock', 'nu metal', 'post-grunge']"
Tim Deluxe,304,1,"['disco house', 'vocal house']"
Timber Timbre,219,1,"['freak folk', 'new weird america', 'stomp and holler', 'toronto indie']"
Todd Masten,6785,38,['video game music']
Tom Bates,1144,5,[]
Tom Petty and the Heartbreakers,546,2,"['album rock', 'classic rock', 'country rock', 'folk rock', 'hard rock', 'heartland rock', 'mellow gold', 'rock', 'roots rock', 'soft rock']"
Tom Player,1079,5,['epicore']
Tom Stills Quartet,406,2,[]
Tomas Grut,305,1,[]
Townes Van Zandt,165,1,"['alternative country', 'cosmic american', 'country rock', 'folk', 'folk rock', 'new americana', 'outlaw country', 'roots rock', 'singer-songwriter', 'texas country']"
Traditional,1825,5,['sleep']
Traveling Wilburys,199,1,"['album rock', 'beatlesque', 'classic rock', 'folk rock', 'heartland rock', 'mellow gold', 'rock', 'roots rock', 'soft rock', 'supergroup']"
Travis,240,1,"['britpop', 'neo mellow', 'pop rock', 'rock']"
Trepalium,0,2,"['avant-garde metal', 'french death metal', 'french metal']"
Trevor Kowalski,2836,18,"['background music', 'calming instrumental', 'focus']"
Trevor Morris,538,2,"['canadian soundtrack', 'epicore', 'soundtrack', 'video game music']"
Triptik,317,1,"['french hip hop', 'rap inde']"
Trivium,225,2,"['alternative metal', 'groove metal', 'melodic metalcore', 'melodic thrash', 'metal', 'metalcore', 'nu metal']"
Trois Amis,764,4,['background jazz']
Tuomas Holopainen,676,2,[]
Twisted Sister,179,2,"['album rock', 'glam metal', 'hard rock', 'metal', 'rock']"
Two Worlds II,136,1,['video game music']
Tyler Rich,396,2,"['contemporary country', 'country pop']"
Têtes Raides,1,1,"['chanson', 'french folk pop', 'french reggae', 'french rock']"
UFO,812,4,"['album rock', 'blues rock', 'classic rock', 'glam metal', 'hard rock', 'metal', 'rock']"
Ulf Janson,1722,14,['calming instrumental']
Ultra Vomit,372,2,['french rock']
Uncle Acid & The Deadbeats,30,2,"['doom metal', 'psychedelic doom', 'retro metal', 'space rock', 'stoner metal', 'stoner rock', 'uk doom metal', 'uk stoner rock']"
Utamaru,12,1,[]
Vald,381,2,"['francoton', 'french hip hop', 'pop urbaine', 'rap conscient', 'rap francais']"
Valentin Wiest,578,2,['epicore']
Van Canto,188,1,"['comic metal', 'german metal', 'german power metal', 'melodic metal', 'neo classical metal', 'power metal', 'symphonic metal']"
Vch mx,8,1,[]
Venetian Snares,466,2,"['braindance', 'breakcore', 'drill and bass', 'hardcore techno', 'intelligent dance music']"
Vernon Sanders,884,4,['background jazz']
Vetiver,280,1,"['freak folk', 'indie folk', 'stomp and holler']"
Video Games Live,27660,147,"['otacore', 'scorecore', 'video game music']"
Vijay Iyer,4,1,"['contemporary jazz', 'ecm-style jazz', 'free jazz', 'indian jazz', 'indie jazz', 'japanese jazz', 'jazz', 'jazz piano', 'modern jazz piano', 'norwegian contemporary jazz']"
Volbeat,261,1,"['alternative metal', 'danish metal', 'danish rock']"
Vàli,361,2,"['dark folk', 'medieval folk', 'neoclassical darkwave', 'neofolk']"
Walter Wanderley,1,1,"['bossa nova', 'exotica', 'jazz organ', 'lounge', 'space age pop']"
Watt White,21,1,"['modern alternative rock', 'rebel blues', 'wrestling']"
We Three Trio,1000,4,['background jazz']
Whitechapel,238,2,"['deathcore', 'melodic metalcore', 'metalcore', 'tennessee metal']"
Wilco,232,1,"['alternative country', 'alternative rock', 'chicago indie', 'indie pop', 'indie rock', 'pop rock', 'rock', 'roots rock', 'stomp and holler']"
Wildflower Trio,585,4,[]
Will Savino,6783,35,['video game music']
William Galison & Madeleine Peyroux,304,2,['contemporary vocal jazz']
Willy Denzey,98,1,['french pop']
Wind Rose,316,1,"['italian folk metal', 'italian power metal', 'melodic metal', 'middle earth', 'power metal', 'tolkien metal']"
Wintergatan Soundtracks,200,1,[]
Wintersun,76,1,"['finnish death metal', 'finnish melodeath', 'finnish metal', 'finnish power metal', 'finnish progressive metal', 'folk metal', 'melodic death metal', 'metal', 'power metal', 'symphonic death metal', 'viking metal']"
Wolfheart,296,1,"['finnish death metal', 'finnish melodeath', 'finnish metal', 'melodic death metal']"
Woods Of Ypres,657,1,"['canadian black metal', 'canadian metal', 'doom metal', 'gothic metal']"
Worakls,468,1,"['deep minimal techno', 'high-tech minimal', 'minimal techno', 'new french touch', 'tropical house']"
Xavier Dang,108217,540,[]
Xin Feng,756,7,['calming instrumental']
Xtortion Audio,600,3,['epicore']
YG Pablo,3,1,"['rap belge', 'rap calme', 'rap francais']"
Ye Banished Privateers,16,1,"['pirate', 'shanty']"
Yoann Laulan,2418,9,['video game music']
Yoshihisa Hirano,88,1,['anime score']
Youssoupha,505,11,"['francoton', 'french hip hop', 'pop urbaine', 'rap conscient']"
Youv Dee,1,1,"['french hip hop', 'pop urbaine', 'rap calme', 'rap francais']"
Yuka Kitamura,166,1,['video game music']
Yuki Hayashi,228,1,"['anime score', 'japanese soundtrack', 'otacore']"
Yves Montand,281,1,['chanson']
Yves Simon,183,1,['chanson']
Zakk Wylde,22618,92,['hard rock']
Zeal & Ardor,576,3,"['avant-garde metal', 'swiss metal']"
fingerspit,1598,7,"['indie game soundtrack', 'video game music']"
insaneintherainmusic,1319,5,['otacore']
Ärsenik,1,1,"['french hip hop', 'old school rap francais', 'rap inde']"
öOoOoOoOoOo,36,1,['avant-garde metal']
ミツキヨ,30,1,['japanese vtuber']
小畑貴裕,149,1,['anime score']
杉森雅和,1101,13,"['japanese vgm', 'sound team']"
